[
  {
    "id": "dep-hh4p9cuxtbi",
    "sender": "62895402567224@s.whatsapp.net",
    "time": 1746170999367
  },
  {
    "id": "dep-icnng501edf",
    "sender": "62895402567224@s.whatsapp.net",
    "time": 1746171066029
  },
  {
    "id": "dep-8h3bbak77ri",
    "sender": "62895402567224@s.whatsapp.net",
    "nominal": 2000,
    "status": "pending",
    "time": 1746171260608
  },
  {
    "id": "dep-h8wljr2bhw6",
    "sender": "62895402567224@s.whatsapp.net",
    "nominal": 2000,
    "status": "pending",
    "time": 1746172110731
  },
  {
    "id": "dep-wyzbwbq634",
    "sender": "62895402567224@s.whatsapp.net",
    "nominal": 2000,
    "status": "pending",
    "time": 1746172306797
  },
  {
    "id": "dep-5yxw853l4lr",
    "sender": "62895402567224@s.whatsapp.net",
    "nominal": 2000,
    "status": "pending",
    "time": 1746205162789
  },
  {
    "id": "dep-bku3uth8ye6",
    "sender": "62895402567224@s.whatsapp.net",
    "nominal": 2000,
    "status": "pending",
    "time": 1746237774954
  }
]