[
  {
    "id": "Zejbhs7Vpo",
    "barang": "mobil",
    "nominal": "9000",
    "tanggal": "Senin, 17 Maret 2025",
    "waktu": "01.45.25"
  },
  {
    "id": "Mm2s1WVe8a",
    "barang": "mobil",
    "nominal": "9000",
    "tanggal": "Senin, 17 Maret 2025",
    "waktu": "01.47.14"
  },
  {
    "id": "qpaMrAtQ4n",
    "barang": "mobilkucing",
    "nominal": "200000",
    "tanggal": "Senin, 17 Maret 2025",
    "waktu": "02.00.40"
  },
  {
    "id": "N5KzQiZDnx",
    "barang": "jasbug",
    "nominal": "1.000",
    "tanggal": "Senin, 17 Maret 2025",
    "waktu": "02.02.38"
  },
  {
    "id": "A2ywl9CjQi",
    "barang": "keranda",
    "nominal": "9000",
    "tanggal": "Senin, 17 Maret 2025",
    "waktu": "11.23.09"
  },
  {
    "id": "sPdkGrTQEX",
    "barang": "akun Ff",
    "nominal": "60.000",
    "tanggal": "Senin, 17 Maret 2025",
    "waktu": "14.42.23"
  },
  {
    "id": "kTESLe1dzy",
    "barang": "vps",
    "nominal": "3000",
    "tanggal": "Selasa, 18 Maret 2025",
    "waktu": "20.47.23"
  },
  {
    "id": "LffgfFHkmr",
    "barang": "kontol",
    "nominal": "kondom🥰",
    "tanggal": "Kamis, 20 Maret 2025",
    "waktu": "19.32.33"
  }
]